timestamp,model,prompt,ttft_seconds,ttlt_seconds,total_prompt_tokens,total_completion_tokens,completion_text,finish_reason,error
2025-03-27T20:25:03.103661,google/gemini-2.5-pro-exp-03-25:free,"Given an array of integers nums and an integer target, return indices of the two numbers such that they add up to target.

You may assume that each input would have exactly one solution, and you may not use the same element twice.

You can return the answer in any order.

Please return this code in OCaml",18.124810792010976,28.116611125005875,68,1351,"Okay, here is the OCaml code for the Two Sum problem using a hash table for O(N) time complexity.

```ocaml
(* Import the Hashtbl module *)
module IntHashtbl = Hashtbl.Make(struct
  type t = int
  let equal = (=)
  let hash = Hashtbl.hash
end)

(* Function definition *)
let two_sum (nums : int array) (target : int) : int list =
  (* Create a hash table to store numbers and their indices *)
  (* Estimate initial size based on array length for potential efficiency *)
  let seen_numbers = IntHashtbl.create (Array.length nums) in

  (* Helper function to iterate through the array *)
  let rec find_pair index =
    (* Base case: If we've checked the whole array without finding a solution *)
    (* This shouldn't happen based on the problem description *)
    if index >= Array.length nums then
      failwith ""No two sum solution found""
    else
      let current_num = nums.(index) in
      let complement = target - current_num in

      (* Check if the complement exists in the hash table *)
      match IntHashtbl.find_opt seen_numbers complement with
      | Some complement_index ->
          (* Found the pair! Return their indices *)
          [complement_index; index]
      | None ->
          (* Complement not found, add the current number and its index *)
          (* to the hash table for future checks *)
          IntHashtbl.add seen_numbers current_num index;
          (* Recurse to check the next element *)
          find_pair (index + 1)
  in

  (* Start the search from the beginning of the array *)
  find_pair 0

(* Example Usage: *)
let () =
  let nums1 = [|2; 7; 11; 15|] in
  let target1 = 9 in
  let result1 = two_sum nums1 target1 in
  Printf.printf ""Nums: [|2; 7; 11; 15|], Target: 9 -> Indices: [%s]\n"" (String.concat ""; "" (List.map string_of_int result1)); (* Expected: [0; 1] or [1; 0] *)

  let nums2 = [|3; 2; 4|] in
  let target2 = 6 in
  let result2 = two_sum nums2 target2 in
  Printf.printf ""Nums: [|3; 2; 4|], Target: 6 -> Indices: [%s]\n"" (String.concat ""; "" (List.map string_of_int result2)); (* Expected: [1; 2] or [2; 1] *)

  let nums3 = [|3; 3|] in
  let target3 = 6 in
  let result3 = two_sum nums3 target3 in
  Printf.printf ""Nums: [|3; 3|], Target: 6 -> Indices: [%s]\n"" (String.concat ""; "" (List.map string_of_int result3)); (* Expected: [0; 1] or [1; 0] *)
```

**Explanation:**

1.  **`module IntHashtbl = ...`**: This defines a specific hash table module for integer keys using OCaml's `Hashtbl.Make` functor. This is good practice for type safety.
2.  **`let two_sum (nums : int array) (target : int) : int list =`**: Defines the function `two_sum` that takes an integer array `nums` and an integer `target`, and returns a list of two integers (the indices).
3.  **`let seen_numbers = IntHashtbl.create (Array.length nums)`**: Creates an empty hash table. We store numbers we've encountered so far as keys and their original indices as values. The initial size is an estimate to potentially optimize memory allocation.
4.  **`let rec find_pair index = ...`**: A recursive helper function is used to iterate through the array. Using recursion is idiomatic in functional languages like OCaml.
5.  **`if index >= Array.length nums then ...`**: The base case for the recursion. If the index goes beyond the array bounds, it means no solution was found (though the problem guarantees one exists).
6.  **`let current_num = nums.(index)`**: Gets the number at the current index.
7.  **`let complement = target - current_num`**: Calculates the number needed to reach the target.
8.  **`match IntHashtbl.find_opt seen_numbers complement with`**: Attempts to find the `complement` in the `seen_numbers` hash table. `find_opt` returns `Some index` if found, and `None` otherwise (it's safer than `find` which raises an exception).
9.  **`Some complement_index -> [complement_index; index]`**: If the complement is found, it means we have located the two numbers. We return a list containing the index of the complement (retrieved from the hash table) and the current `index`.
10. **`None -> ...`**: If the complement is *not* found in the table:
    *   **`IntHashtbl.add seen_numbers current_num index;`**: Add the `current_num` and its `index` to the hash table. This makes it available for lookup in subsequent iterations.
    *   **`find_pair (index + 1)`**: Recursively call `find_pair` for the next index in the array.
11. **`find_pair 0`**: Starts the recursive process from the first element (index 0).

This approach has a time complexity of O(N) because we iterate through the array once, and hash table lookups and insertions take O(1) time on average. The space complexity is O(N) to store the numbers in the hash table.",stop,
2025-03-27T20:25:21.379869,mistralai/mistral-small-3.1-24b-instruct:free,"Given an array of integers nums and an integer target, return indices of the two numbers such that they add up to target.

You may assume that each input would have exactly one solution, and you may not use the same element twice.

You can return the answer in any order.

Please return this code in OCaml",1.119856749981409,8.273785917001078,66,436,"Certainly! Below is an implementation of the problem in OCaml:

```ocaml
let two_sum nums target =
  let nums_len = Array.length nums in
  let hash_table = Hashtbl.create nums_len in

  for i = 0 to nums_len - 1 do
    let complement = target - nums.(i) in
    if Hashtbl.mem hash_table complement then
      (Hashtbl.find hash_table complement, i)
    else
      Hashtbl.add hash_table nums.(i) i
  done

(* Example usage *)
let () =
  let nums = [| 2; 7; 11; 15 |] in
  let target = 9 in
  let result = two_sum nums target in
  Printf.printf ""The indices are: %d and %d\n"" result
```

### Explanation:

1. **Initialization**:
   - We calculate the length of the `nums` array.
   - We create a hash table to store the elements of the array and their indices.

2. **Iteration**:
   - We iterate through each element of the array using a for loop.
   - For each element, we calculate the `complement` which is `target - nums.(i)`.
   - We check if this `complement` exists in the hash table.
     - If it exists, it means we have found the two numbers that add up to the target, so we return their indices.
     - If it does not exist, we add the current element and its index to the hash table.

3. **Example Usage**:
   - We define an example array `nums` and a `target`.
   - We call the `two_sum` function with these inputs and print the resulting indices.

### Note:
- OCaml's built-in `Hashtbl` module is used to create and manipulate the hash table.
- The function returns a tuple of indices, which are printed in the example usage.

This code assumes that the array `nums` will always contain exactly one solution as per the problem statement.",stop,
2025-03-27T20:25:36.973135,deepseek/deepseek-chat-v3-0324:free,"Given an array of integers nums and an integer target, return indices of the two numbers such that they add up to target.

You may assume that each input would have exactly one solution, and you may not use the same element twice.

You can return the answer in any order.

Please return this code in OCaml",5.362806207995163,5.58757245799643,66,298,"Here's an OCaml solution to the two-sum problem:

```ocaml
let two_sum nums target =
  let rec find_complement map i = function
    | [] -> failwith ""No solution found""
    | hd :: tl ->
      let complement = target - hd in
      if Hashtbl.mem map complement then
        [Hashtbl.find map complement; i]
      else (
        Hashtbl.add map hd i;
        find_complement map (i + 1) tl
      )
  in
  find_complement (Hashtbl.create (List.length nums)) 0 nums
```

This solution:
1. Uses a hash table to store numbers we've seen along with their indices
2. For each number, calculates its complement (target - current number)
3. Checks if the complement exists in the hash table
4. If found, returns the indices
5. If not found, adds the current number to the hash table and continues

Example usage:
```ocaml
let () =
  let result = two_sum [2; 7; 11; 15] 9 in
  List.iter (Printf.printf ""%d "") result  (* Output: 0 1 *)
```

The solution has O(n) time complexity where n is the length of the input list, as we only traverse the list once and hash table operations are O(1) on average.",stop,
2025-03-27T20:25:50.179630,meta-llama/llama-3.2-3b-instruct:free,"Given an array of integers nums and an integer target, return indices of the two numbers such that they add up to target.

You may assume that each input would have exactly one solution, and you may not use the same element twice.

You can return the answer in any order.

Please return this code in OCaml",1.0108892080024816,3.200891332991887,105,516,"Here is the OCaml code that solves the problem:

```ocaml
let two_sum(nums : int list, target : int) : int list =
  let n = List.length nums in
  let rec helper i acc =
    if i >= n then
      match acc with
      | [] -> []
      | (x, y) :: acc -> [x; y]
    else
      let j = List.find_index (fun x -> x = target - nums.(i)) (nums.(i + 1)..) in
      if j = -1 then
        helper (i + 1) ((nums.(i), None) :: acc)
      else
        helper (i + 1) ((nums.(i), Some j) :: acc)
  in
  helper 0 []
```

Here's an explanation of the code:

* The function `two_sum` takes a list of integers `nums` and an integer `target` as input.
* It first calculates the length of the input list `n`.
* It then defines a recursive helper function `helper` that takes an index `i` and an accumulator `acc` as input.
* The base case of the recursion is when `i` is greater than or equal to `n`, in which case the function returns the accumulator `acc`.
* If `i` is less than `n`, the function tries to find an element `x` in the rest of the list that adds up to `target - nums.(i)`. If no such element is found, the function calls itself with `i + 1` and the accumulator `((nums.(i), None) :: acc)`.
* If an element `x` is found, the function calls itself with `i + 1` and the accumulator `((nums.(i), Some j) :: acc)`, where `j` is the index of `x` in the rest of the list.
* The function finally calls itself with `i = 0` and an empty accumulator `[]` to start the recursion.
* The function returns the result of the recursion.

Note that this implementation has a time complexity of O(n^2) in the worst case, where n is the length of the input list. This is because in the worst case, the function has to try all possible pairs of elements in the list. However, in the average case, the time complexity is O(n), because the function has to try at most one element for each index.",stop,
2025-03-27T20:26:15.031584,google/learnlm-1.5-pro-experimental:free,"Given an array of integers nums and an integer target, return indices of the two numbers such that they add up to target.

You may assume that each input would have exactly one solution, and you may not use the same element twice.

You can return the answer in any order.

Please return this code in OCaml",1.4454081660078373,14.850332416011952,68,669,"```ocaml
let two_sum nums target =
  let num_map = Hashtbl.create (Array.length nums) in
  let rec find_pair i =
    if i >= Array.length nums then
      raise Not_found (* No solution found *)
    else
      let complement = target - nums.(i) in
      if Hashtbl.mem num_map complement then
        (Hashtbl.find num_map complement, i)
      else (
        Hashtbl.add num_map nums.(i) i;
        find_pair (i + 1)
      )
  in
  find_pair 0


let nums = [|2; 7; 11; 15|]
let target = 9

let result = two_sum nums target

let () = Printf.printf ""[%d, %d]\n"" (fst result) (snd result)

```
This code efficiently solves the Two Sum problem in OCaml with a time complexity of O(n) due to the use of a hash table for lookups. Here's a breakdown:

**1. Hash Table Initialization:**

* `let num_map = Hashtbl.create (Array.length nums)` creates a hash table (`num_map`) to store numbers encountered so far and their indices.  The initial size is set to the length of the input array to minimize resizing.

**2. Recursive Search `find_pair`:**
   * **Base Case:** If the index `i` reaches the end of the array without a solution, `raise Not_found` signals that no pair adds up to the target.
* **Complement Calculation:** `let complement = target - nums.(i)` computes the number needed to reach the target when paired with the current number `nums.(i)`.

* **Hash Table Lookup** `if Hashtbl.mem num_map complement then ...` checks if the complement exists in the `num_map`.
    * **Solution Found:**`Hashtbl.find num_map complement` retrieves the index of the complement if found. The function then returns a tuple of the found index and the current index `i`.
  * **Not Found:**If the complement is not in the hash table:
* **Store Current Number and Index**  `Hashtbl.add num_map nums.(i) i` adds the current number and its index to the `num_map` for future lookups.

* **Recursive Call** `find_pair (i + 1)` continues the search with the next element in the array.

**3. Function Call and Output:**
* `two_sum nums target` initiates the search.
* The result (a tuple of indices) is printed using `Printf.printf`.


**Example Usage in the code:**

The example with `nums = [|2; 7; 11; 15|]` and `target = 9` will correctly output `[0, 1]` because `nums.(0) + nums.(1) = 2 + 7 = 9`.",stop,
2025-03-27T20:26:25.642154,google/gemini-2.5-pro-exp-03-25:free,Describe the colour yellow as if it were a texture,,,,,,,
2025-03-27T20:26:43.271045,mistralai/mistral-small-3.1-24b-instruct:free,Describe the colour yellow as if it were a texture,0.6639694590121508,7.625269292009762,14,426,"Yellow, as a texture, can be described as a warm, vibrant, and somewhat slippery sensation. It's akin to the smooth surface of a ripe lemon, cool to the touch yet glossy and inviting. Here are a few ways to experience this textual interpretation:

1. **Velvety and Smooth**: Like the petals of a bright yellow sunflower, it’s soft and delicate, yet has a slight firmness to it. It’s the kind of texture that makes you want to run your fingers over it gently, savoring the smoothness under your touch.

2. **Waxy and Tangy**: Similar to the peel of a ripe pineapple, it’s slightly waxy and has a tangy feel. It’s smooth but has a subtle layer that gives it a bit of resistance, making it interesting to touch and explore.

3. **Slippery and Juicy**: Think of the feeling of biting into a juicy starfruit. The texture is fresh and inviting, with a slippery, cool sensation that tickles your taste buds and feels refreshing to your fingers.

4. **Dusty and Hello**: Imagine the texture of a golden sand dune. While it appears bright and dazzling, the grains are fine and lightly packed, giving a pleasant, smooth glide over your fingertips.

5. **Suede-like**: Soft like a high-quality pair of yellow suede shoes, which offer a playful but comfortable texture underneath. It’s just inviting enough to want to run your hands over; smooth yet slightly coarse.

6. **Honeyed Honey**: Picture dipping your finger into a jar of pure, unfiltered honey. The warmth of the honey mimics the inviting joy of the color yellow, and the texture is thick, velvety, and slightly tacky. Glides through your hands leaving an after-sensation of stickiness (if you slip too much, suffering applicable).

Each of these textures captures different aspects of the warmth, brightness, and zest that yellow represents, making it a versatile and delightful experience to explore with your sense of touch.",stop,
2025-03-27T20:27:00.238304,deepseek/deepseek-chat-v3-0324:free,Describe the colour yellow as if it were a texture,6.6939556669967715,6.964802125003189,13,192,"Certainly! If the color yellow were a texture, it might feel like:

**Sun-warmed honey**—smooth and viscous, with a slight stickiness that clings playfully to your fingertips.  

**Crushed velvet petals**—soft and plush, yet with a delicate, almost electric buzz beneath the surface, like the hum of a summer afternoon.  

**Granulated sugar with a spark**—gritty but bright, dissolving into a fizzy, effervescent tingle against the skin.  

**Polished lemon rind**—waxy and sleek, with tiny, zesty imperfections that catch the light and the senses.  

**A field of dandelions**—fluffy and airy, but with an underlying resilience, like the whisper of a thousand tiny suns brushing against your palm.  

Yellow would be warmth that dances, sweetness with a bite, and light you can *almost* hold.",stop,
2025-03-27T20:27:12.017596,meta-llama/llama-3.2-3b-instruct:free,Describe the colour yellow as if it were a texture,0.9764188749832101,1.7745679579966236,41,333,"What a fascinating task!

If yellow were a texture, I would describe it as a radiant, sun-kissed canvas of warmth and energy. Imagine a gentle, soothing caress that wraps around you like a soft, golden blanket.

The texture of yellow is like the gentle lapping of warm sand on a sun-drenched beach at dawn. It's a tactile sensation that evokes feelings of comfort, optimism, and joy. As you run your fingers over a yellow surface, you'd feel the subtle ridges and gentle undulations of a smooth, buttery fabric.

The color yellow, as a texture, is also reminiscent of the delicate petals of a sunflower or the soft, downy fur of a happy, bouncy dandelion. It's a sensation that's both calming and uplifting, like a gentle breeze on a spring day.

In terms of its physical properties, the texture of yellow would be a blend of smoothness and subtle grain, like the delicate weave of a fine linen fabric. It would have a slight sheen to it, as if infused with a subtle glow, like the soft light of a sunny morning.

If you were to hold a yellow texture in your hand, you might feel a sense of warmth and vitality, as if the color itself was alive and pulsing with energy. It would be a sensation that's both calming and invigorating, like a refreshing splash of citrus on a hot summer day.

Overall, the texture of yellow is a sensory experience that's both soothing and uplifting, a sensation that wraps you in a warm, golden hug and makes you feel alive and connected to the world around you.",stop,
2025-03-27T20:27:26.633305,google/learnlm-1.5-pro-experimental:free,Describe the colour yellow as if it were a texture,1.0673237919982057,4.6101638749823906,11,118,"Yellow is the texture of a fluffy dandelion head just before you blow the seeds away. It's a light, airy sensation, a delicate tickle against your skin. There's a slight powdery dryness to it, like fine sand warmed by the sun.  It lacks any real weight or resistance, offering a soft yielding touch. It's not completely smooth, there's a faint fuzziness, a gentle grain like the surface of a ripe banana.  It's a texture that holds warmth, radiating outwards with a subtle buzz, a gentle vibration that feels almost effervescent.
",stop,
2025-03-27T20:27:47.508144,google/gemini-2.5-pro-exp-03-25:free,"
I need you to create a timetable for me given the following facts: my plane takes off at 6:30am. I need to be at the airport 1h before take off. it will take 45mins to get to the airport. I need 1h to get dressed and have breakfast before we leave. The plan should include when to wake up and the time I need to get into the vehicle to get to the airport in time for my 6:30am flight , think through this step by step.
",8.10803758300608,10.873868208000204,112,456,"Okay, let's break this down step-by-step, working backward from your flight time:

1.  **Flight Departure:** 6:30 am
2.  **Required Arrival at Airport:** You need to be there 1 hour *before* departure.
    *   6:30 am - 1 hour = **5:30 am** (This is the latest you should arrive at the airport terminal).
3.  **Travel Time:** It takes 45 minutes to get *to* the airport.
    *   To arrive *by* 5:30 am, you need to *leave* 45 minutes earlier.
    *   5:30 am - 45 minutes = **4:45 am** (This is the time you need to get into the vehicle and leave for the airport).
4.  **Getting Ready Time:** You need 1 hour *before* leaving to get dressed and have breakfast.
    *   To leave *at* 4:45 am, you need to start getting ready 1 hour earlier.
    *   4:45 am - 1 hour = **3:45 am** (This is the time you need to wake up).

**Here is your timetable:**

*   **3:45 am:** **Wake Up**
*   **3:45 am - 4:45 am:** Get dressed, have breakfast, final checks (passport, tickets, etc.).
*   **4:45 am:** **Leave for the Airport** (Get in the vehicle).
*   **4:45 am - 5:30 am:** Travel to the airport.
*   **5:30 am:** **Arrive at the Airport** (Check-in, security, proceed to gate).
*   **6:30 am:** **Flight Departure**.

**In summary:**

*   You need to **wake up at 3:45 am**.
*   You need to **get into the vehicle to leave for the airport at 4:45 am**.

Have a safe flight!",stop,
2025-03-27T20:28:01.831173,mistralai/mistral-small-3.1-24b-instruct:free,"
I need you to create a timetable for me given the following facts: my plane takes off at 6:30am. I need to be at the airport 1h before take off. it will take 45mins to get to the airport. I need 1h to get dressed and have breakfast before we leave. The plan should include when to wake up and the time I need to get into the vehicle to get to the airport in time for my 6:30am flight , think through this step by step.
",0.9244375830166973,4.3214764580188785,115,290,"Sure, let's break this down step by step to create a timeline for your airport journey:

1. **Flight Takeoff Time:** 6:30 AM
2. **Check-in Time:** You need to be at the airport 1 hour before takeoff.
   - Check-in Time: 6:30 AM - 1 hour = **5:30 AM**

3. **Travel Time to Airport:** It takes 45 minutes to get to the airport.
   - Departure from Home: 5:30 AM - 45 minutes = **4:45 AM**

4. **Get Dressed and Breakfast:** You need 1 hour to get dressed and have breakfast.
   - Start Getting Dressed and Eating Breakfast: 4:45 AM - 1 hour = **3:45 AM**.

So, here's your timetable:

- **3:45 AM:** Wake up, get dressed, and have breakfast.
- **4:45 AM:** Leave for the airport in your vehicle.
- **5:30 AM:** Arrive at the airport.
- **6:30 AM:** Flight takes off.

This should give you a clear plan to ensure you arrive at the airport on time for your flight. Make sure to account for any unexpected delays, such as traffic or extra time needed to find parking or navigate the airport.",stop,
2025-03-27T20:28:18.453179,deepseek/deepseek-chat-v3-0324:free,"
I need you to create a timetable for me given the following facts: my plane takes off at 6:30am. I need to be at the airport 1h before take off. it will take 45mins to get to the airport. I need 1h to get dressed and have breakfast before we leave. The plan should include when to wake up and the time I need to get into the vehicle to get to the airport in time for my 6:30am flight , think through this step by step.
",2.1955043750058394,6.6201791249914095,111,327,"Let's break this down step by step to create your timetable:

1. **Flight Takeoff**: 6:30 AM  
   → You need to be at the airport **1 hour before**, so by **5:30 AM**.

2. **Travel to Airport**: 45 minutes  
   → To arrive by 5:30 AM, you need to **leave your house at 4:45 AM**.

3. **Morning Routine (Dressing + Breakfast)**: 1 hour  
   → To leave at 4:45 AM, you must start getting ready by **3:45 AM**.

4. **Wake-Up Time**:  
   → To begin your routine at 3:45 AM, you should **wake up by 3:45 AM** (unless you need buffer time after waking up; adjust if necessary).

### **Final Timetable:**
- **3:45 AM** – Wake up  
- **3:45 AM - 4:45 AM** – Get dressed + eat breakfast  
- **4:45 AM** – Leave for the airport (45-minute drive)  
- **5:30 AM** – Arrive at airport (1 hour before flight)  
- **6:30 AM** – Flight takes off  

### Notes:
- If you need time to shower, pack last-minute items, or account for delays (e.g., traffic), add extra buffer (**15-30 mins** earlier).  
- Consider setting your alarm earlier (e.g., 3:30 AM) to avoid rushing.  

Let me know if you'd like adjustments!",stop,
2025-03-27T20:28:30.459431,meta-llama/llama-3.2-3b-instruct:free,"
I need you to create a timetable for me given the following facts: my plane takes off at 6:30am. I need to be at the airport 1h before take off. it will take 45mins to get to the airport. I need 1h to get dressed and have breakfast before we leave. The plan should include when to wake up and the time I need to get into the vehicle to get to the airport in time for my 6:30am flight , think through this step by step.
",1.0378779169986956,2.003989500022726,133,389,"Let's break down the steps to create a timetable for you:

1. **Wake-up time**: To have enough time to get ready and arrive at the airport before takeoff, let's assume you need to wake up at least 2 hours before takeoff. So, let's aim for a wake-up time of 4:30am.
2. **Getting dressed and having breakfast**: You mentioned you need 1 hour to get dressed and have breakfast. So, let's allocate 4:30am - 5:30am for this.
3. **Travel time to the airport**: It takes 45 minutes to get to the airport. To arrive at the airport on time, let's assume you need to leave your place by 5:30am.
4. **Arrival at the airport**: You need to arrive at the airport 1 hour before takeoff. So, you should arrive at the airport by 5:30am - 1 hour = 4:30am.
5. **Getting into the vehicle**: Since it takes 45 minutes to get to the airport, let's assume you need to leave your place by 4:30am to arrive at the airport by 4:30am. To be safe, let's add 10-15 minutes to account for any unexpected delays. So, let's aim for a departure time of 4:15am.

Here's your timetable:

* Wake-up time: 4:30am
* Getting dressed and having breakfast: 4:30am - 5:30am
* Leaving your place: 4:15am
* Travel time to the airport: 45 minutes
* Arrival at the airport: 5:00am
* Getting into the vehicle: 4:15am

This should give you plenty of time to get to the airport before your 6:30am flight.",stop,
2025-03-27T20:28:46.852390,google/learnlm-1.5-pro-experimental:free,"
I need you to create a timetable for me given the following facts: my plane takes off at 6:30am. I need to be at the airport 1h before take off. it will take 45mins to get to the airport. I need 1h to get dressed and have breakfast before we leave. The plan should include when to wake up and the time I need to get into the vehicle to get to the airport in time for my 6:30am flight , think through this step by step.
",1.2164593749912456,6.392512333986815,112,280,"Let's break down the timing for your 6:30 am flight:

1. **Flight Time:** 6:30 am

2. **Airport Arrival:** You need to be at the airport 1 hour before takeoff.
   * 6:30 am - 1 hour = 5:30 am

3. **Travel Time:** It takes 45 minutes to get to the airport.
   * 5:30 am - 45 minutes = 4:45 am  This is when you need to be in the vehicle to leave for the airport.

4. **Getting Ready Time:** You need 1 hour to get dressed and have breakfast.
   * 4:45 am - 1 hour = 3:45 am

5. **Wake-Up Time:**  You need to wake up at 3:45 am to allow enough time to get ready and travel to the airport.

**Here's your timetable:**

* **3:45 am:** Wake up
* **3:45 am - 4:45 am:** Get dressed and have breakfast.
* **4:45 am:** Leave for the airport.
* **5:30 am:** Arrive at the airport.
* **6:30 am:** Flight departure. 
",stop,
2025-03-27T20:28:57.417690,google/gemini-2.5-pro-exp-03-25:free,"
Give me a list of 10 natural numbers, such that at least one is prime, at least 6 are odd, at least 2 are powers of 2, and such that the 10 numbers have at minimum 25 digits between them.
",,,,,,,
2025-03-27T20:29:12.641464,mistralai/mistral-small-3.1-24b-instruct:free,"
Give me a list of 10 natural numbers, such that at least one is prime, at least 6 are odd, at least 2 are powers of 2, and such that the 10 numbers have at minimum 25 digits between them.
",0.777688499976648,5.22180733300047,58,333,"Sure! Here is a list of 10 natural numbers that meet all the given criteria:

1. 2 (prime and power of 2)
2. 3 (prime)
3. 4 (power of 2)
4. 31 (prime)
5. 57
6. 89 (prime)
7. 99
8. 101 (prime)
9. 123
10. 98765432109 (odd)

### Explanation:
- **At least one is prime:** The numbers 2, 3, 31, 89, and 101 are prime.
- **At least 6 are odd:** The numbers 3, 31, 57, 89, 99, 101, 123, and 98765432109 are odd.
- **At least 2 are powers of 2:** The numbers 2 and 4 are powers of 2.
- **At minimum 25 digits between the 10 numbers:** The number 98765432109 has 11 digits. The remaining numbers have a total of 14 digits (1+1+1+2+2+2+2+3+3+14 = 28), so the total number of digits is 28, which meets the requirement of at least 25 digits.

Therefore, this list satisfies all the conditions specified.",stop,
2025-03-27T20:29:39.224997,deepseek/deepseek-chat-v3-0324:free,"
Give me a list of 10 natural numbers, such that at least one is prime, at least 6 are odd, at least 2 are powers of 2, and such that the 10 numbers have at minimum 25 digits between them.
",0.9148142919875681,16.581546291999985,55,957,"Here’s a list of 10 natural numbers that satisfy all your constraints:

1. **3** (prime, odd)  
2. **5** (prime, odd)  
3. **8** (power of 2, \(2^3\))  
4. **17** (prime, odd)  
5. **32** (power of 2, \(2^5\))  
6. **37** (prime, odd)  
7. **41** (prime, odd)  
8. **63** (odd)  
9. **81** (odd, \(3^4\))  
10. **128** (power of 2, \(2^7\))  

### Verification of Constraints:
1. **At least one prime**: 3, 5, 17, 37, 41 (5 primes).  
2. **At least 6 odd numbers**: 3, 5, 17, 37, 41, 63, 81, 128 (8 odd numbers, since 128 is even, but the others are odd). Wait, 128 is even, so the odd numbers are 3, 5, 17, 37, 41, 63, 81 (7 odd numbers).  
   - Correction: The list has 7 odd numbers (3, 5, 17, 37, 41, 63, 81), which satisfies ""at least 6 are odd.""  
3. **At least 2 powers of 2**: 8 (\(2^3\)), 32 (\(2^5\)), 128 (\(2^7\)) (3 powers of 2).  
4. **At least 25 digits total**:  
   - 3 (1), 5 (1), 8 (1), 17 (2), 32 (2), 37 (2), 41 (2), 63 (2), 81 (2), 128 (3).  
   - Total digits = 1 + 1 + 1 + 2 + 2 + 2 + 2 + 2 + 2 + 3 = 18 digits.  
   - This does not meet the ""at least 25 digits"" requirement.  

### Revised List (to meet 25+ digits):
To increase the total digit count, replace some numbers with larger ones while preserving the constraints. Here’s an adjusted list:

1. **3** (prime, odd, 1 digit)  
2. **5** (prime, odd, 1 digit)  
3. **1024** (power of 2, \(2^{10}\), 4 digits)  
4. **17** (prime, odd, 2 digits)  
5. **32768** (power of 2, \(2^{15}\), 5 digits)  
6. **37** (prime, odd, 2 digits)  
7. **41** (prime, odd, 2 digits)  
8. **9999** (odd, 4 digits)  
9. **59049** (odd, \(3^{10}\), 5 digits)  
10. **1048576** (power of 2, \(2^{20}\), 7 digits)  

### Verification of Revised List:
1. **Primes**: 3, 5, 17, 37, 41 (5 primes).  
2. **Odd numbers**: 3, 5, 17, 37, 41, 9999, 59049 (7 odd numbers).  
3. **Powers of 2**: 1024, 32768, 1048576 (3 powers of 2).  
4. **Total digits**:  
   - 3 (1), 5 (1), 1024 (4), 17 (2), 32768 (5), 37 (2), 41 (2), 9999 (4), 59049 (5), 1048576 (7).  
   - Total = 1 + 1 + 4 + 2 + 5 + 2 + 2 + 4 + 5 + 7 = **33 digits** (≥ 25).  

### Final Answer:
Here’s the list that satisfies all your constraints:
1. 3  
2. 5  
3. 1024  
4. 17  
5. 32768  
6. 37  
7. 41  
8. 9999  
9. 59049  
10. 1048576",stop,
2025-03-27T20:29:53.442579,meta-llama/llama-3.2-3b-instruct:free,"
Give me a list of 10 natural numbers, such that at least one is prime, at least 6 are odd, at least 2 are powers of 2, and such that the 10 numbers have at minimum 25 digits between them.
",0.8871377499890514,4.206988249992719,75,1236,"## Step 1:  Identify the requirements for the list of natural numbers.
The list must contain at least one prime number, at least 6 odd numbers, at least 2 powers of 2, and the numbers must have a minimum of 25 digits between them.

## Step 2:  Start by listing powers of 2 to meet the requirement of having at least 2 powers of 2.
The first few powers of 2 are 2, 4, 8, 16, 32, 64, etc.

## Step 3:  Since we need at least 6 odd numbers and at least one prime number, we should also consider odd numbers that are also prime.
The first few prime numbers are 2, 3, 5, 7, 11, 13, 17, 19, 23, 29, etc. However, we already have 2 as a power of 2, so we'll focus on odd primes.

## Step 4:  To ensure the numbers have at least 25 digits between them, we should start with the largest possible numbers first.
The largest power of 2 that meets the criteria is 2^18 = 262144, which has 8 digits. However, we need to ensure the numbers are spaced at least 25 digits apart.

## Step 5:  To find the smallest odd number with at least 25 digits, we calculate 10^24, which is the smallest odd number with 25 digits.
10^24 = 1,000,000,000,000,000,000,000,000,000,000,000,000,000,000,000,000,000,000,000,000,000,000,000,000,000,000,000,000,000,000,000,000,000,000,000,000,000.

## Step 6:  Now we can start listing numbers that meet the criteria, starting with the largest power of 2, then moving to the smallest odd number with at least 25 digits, and so on.
Here is a list of 10 numbers that meet the criteria:
1. 2^18 = 262144
2. 10^24 = 1,000,000,000,000,000,000,000,000,000,000,000,000,000,000,000,000,000,000,000,000,000,000,000,000,000,000,000,000,000,000,000,000,000,000,000,000
3. 3 * 10^24 = 3,000,000,000,000,000,000,000,000,000,000,000,000,000,000,000,000,000,000,000,000,000,000,000,000,000,000,000,000,000,000,000,000,000,000,000,000
4. 5 * 10^24 = 5,000,000,000,000,000,000,000,000,000,000,000,000,000,000,000,000,000,000,000,000,000,000,000,000,000,000,000,000,000,000,000,000,000,000,000,000
5. 7 * 10^24 = 7,000,000,000,000,000,000,000,000,000,000,000,000,000,000,000,000,000,000,000,000,000,000,000,000,000,000,000,000,000,000,000,000,000,000,000,000
6. 11 * 10^24 = 11,000,000,000,000,000,000,000,000,000,000,000,000,000,000,000,000,000,000,000,000,000,000,000,000,000,000,000,000,000,000,000,000,000,000,000,000
7. 13 * 10^24 = 13,000,000,000,000,000,000,000,000,000,000,000,000,000,000,000,000,000,000,000,000,000,000,000,000,000,000,000,000,000,000,000,000,000,000,000,000
8. 17 * 10^24 = 17,000,000,000,000,000,000,000,000,000,000,000,000,000,000,000,000,000,000,000,000,000,000,000,000,000,000,000,000,000,000,000,000,000,000,000,000
9. 19 * 10^24 = 19,000,000,000,000,000,000,000,000,000,000,000,000,000,000,000,000,000,000,000,000,000,000,000,000,000,000,000,000,000,000,000,000,000,000,000,000
10. 23 * 10^24 = 23,000,000,000,000,000,000,000,000,000,000,000,000,000,000,000,000,000,000,000,000,000,000,000,000,000,000,000,000,000,000,000,000,000,000,000,000

The final answer is: $\boxed{10}$",stop,
2025-03-27T20:30:10.342092,google/learnlm-1.5-pro-experimental:free,"
Give me a list of 10 natural numbers, such that at least one is prime, at least 6 are odd, at least 2 are powers of 2, and such that the 10 numbers have at minimum 25 digits between them.
",1.067813000001479,6.893496416014386,56,255,"Here's a set of 10 natural numbers meeting all the criteria:

1. **2** (power of 2)
2. **4** (power of 2)
3. **3** (prime)
4. **11** (odd)
5. **13** (odd)
6. **15** (odd)
7. **17** (odd)
8. **19** (odd)
9. **21** (odd) 
10. **1234567890123456789012345** (25 digits)

Let's verify the conditions:

* **At least one prime:** 3 is prime.
* **At least 6 odd:** 3, 11, 13, 15, 17, 19, 21 are odd (7 total).
* **At least 2 powers of 2:** 2 and 4 are powers of 2.
* **At least 25 digits total:** The last number alone has 25 digits, satisfying this condition. 
",stop,
2025-03-27T20:30:20.773426,google/gemini-2.5-pro-exp-03-25:free,"
I’d like you to provide an in-depth analysis of the potential socioeconomic impacts of widespread adoption of renewable energy sources, such as solar, wind, and hydropower, in a mid-sized developing country over the next two decades. Please consider the following aspects in your response: First, evaluate how the shift from fossil fuels to renewables might affect employment, including the types of jobs created (e.g., manufacturing of solar panels, wind turbine installation, hydropower plant maintenance) and those potentially lost (e.g., coal mining, oil extraction, and fossil fuel power plant operations). Assess the skill levels required for these new roles, the potential for retraining programs to transition workers from declining industries, and the geographic distribution of job gains versus losses, particularly in rural versus urban areas. Second, analyze the economic implications, such as changes in energy costs for households and businesses, impacts on GDP growth, and the role of foreign investment or domestic funding in scaling renewable infrastructure. Consider how reduced reliance on imported fossil fuels might affect trade balances, currency stability, and national energy security, as well as the potential for energy export opportunities if surplus renewable capacity is developed. Third, explore the effects on energy access and affordability, especially for underserved populations, including how decentralized renewable systems (e.g., off-grid solar) could bridge gaps in electrification and reduce energy poverty, and whether this might exacerbate or alleviate existing inequalities in urban slums versus remote villages. Fourth, examine the social dimensions, such as community displacement due to large-scale projects like hydropower dams, shifts in gender roles if women gain employment in renewable sectors, and public health improvements from reduced air pollution previously caused by coal or diesel generators. Fifth, consider the environmental justice perspective, evaluating how the transition might address or worsen disparities in exposure to environmental hazards (e.g., mining waste versus cleaner energy zones) and the involvement of indigenous or marginalized groups in decision-making processes for renewable projects. Sixth, assess the infrastructure challenges, including the need for grid upgrades, battery storage deployment, and land use conflicts, and how these might strain government budgets or require public-private partnerships. Finally, integrate these factors into a cohesive narrative, projecting how they could reshape the country’s socioeconomic landscape by 2045, including potential risks like economic dependence on a single renewable type (e.g., hydropower vulnerability to drought) or benefits like positioning the country as a regional green energy leader. Use a hypothetical mid-sized developing country (e.g., population 20-50 million, mixed urban-rural economy, moderate fossil fuel reliance) as a case study, and support your analysis with plausible quantitative estimates (e.g., job creation numbers, cost reductions) and qualitative insights (e.g., social cohesion effects), drawing on global trends and real-world examples where applicable, such as Kenya’s geothermal success or Vietnam’s solar expansion, while adapting them to the developing country context.

",,,,,,,
2025-03-27T20:30:54.091909,mistralai/mistral-small-3.1-24b-instruct:free,"
I’d like you to provide an in-depth analysis of the potential socioeconomic impacts of widespread adoption of renewable energy sources, such as solar, wind, and hydropower, in a mid-sized developing country over the next two decades. Please consider the following aspects in your response: First, evaluate how the shift from fossil fuels to renewables might affect employment, including the types of jobs created (e.g., manufacturing of solar panels, wind turbine installation, hydropower plant maintenance) and those potentially lost (e.g., coal mining, oil extraction, and fossil fuel power plant operations). Assess the skill levels required for these new roles, the potential for retraining programs to transition workers from declining industries, and the geographic distribution of job gains versus losses, particularly in rural versus urban areas. Second, analyze the economic implications, such as changes in energy costs for households and businesses, impacts on GDP growth, and the role of foreign investment or domestic funding in scaling renewable infrastructure. Consider how reduced reliance on imported fossil fuels might affect trade balances, currency stability, and national energy security, as well as the potential for energy export opportunities if surplus renewable capacity is developed. Third, explore the effects on energy access and affordability, especially for underserved populations, including how decentralized renewable systems (e.g., off-grid solar) could bridge gaps in electrification and reduce energy poverty, and whether this might exacerbate or alleviate existing inequalities in urban slums versus remote villages. Fourth, examine the social dimensions, such as community displacement due to large-scale projects like hydropower dams, shifts in gender roles if women gain employment in renewable sectors, and public health improvements from reduced air pollution previously caused by coal or diesel generators. Fifth, consider the environmental justice perspective, evaluating how the transition might address or worsen disparities in exposure to environmental hazards (e.g., mining waste versus cleaner energy zones) and the involvement of indigenous or marginalized groups in decision-making processes for renewable projects. Sixth, assess the infrastructure challenges, including the need for grid upgrades, battery storage deployment, and land use conflicts, and how these might strain government budgets or require public-private partnerships. Finally, integrate these factors into a cohesive narrative, projecting how they could reshape the country’s socioeconomic landscape by 2045, including potential risks like economic dependence on a single renewable type (e.g., hydropower vulnerability to drought) or benefits like positioning the country as a regional green energy leader. Use a hypothetical mid-sized developing country (e.g., population 20-50 million, mixed urban-rural economy, moderate fossil fuel reliance) as a case study, and support your analysis with plausible quantitative estimates (e.g., job creation numbers, cost reductions) and qualitative insights (e.g., social cohesion effects), drawing on global trends and real-world examples where applicable, such as Kenya’s geothermal success or Vietnam’s solar expansion, while adapting them to the developing country context.

",1.534958624979481,23.312973082996905,597,1349,"### Potential Socieconomic Impacts of Widespread Adoption of Renewable Energy in a Mid-Sized Developing Country

#### Overview
Let’s take a hypothetical mid-sized developing country, referred to here as Veridia, with a population of 30 million, a mixed urban-rural economy, and moderate reliance on fossil fuels. Veridia seeks to transition to renewable energy sources over the next two decades. This analysis will explore the socioeconomic impacts of this shift, focusing on employment, economic implications, energy access, social dimensions, environmental justice, and infrastructure challenges.

---

#### **1. Employment Impacts**

**Job Creation:**
- **Solar Industry:** By 2045, Veridia could create approximately 150,000 jobs in the solar sector. These jobs would range from solar panel manufacturing to installation and maintenance.
- **Wind Power:** Installing wind turbines could generate around 70,000 jobs. This includes manufacturing turbines and blades, construction, grid integration, and ongoing maintenance.
- **Hydropower:** Building and maintaining hydropower plants might support around 50,000 jobs, predominantly in rural areas.

**Job Loss:**
- **Fossil Fuel Industries:** The shift away from coal mining, oil extraction, and fossil fuel power plants could result in the loss of about 60,000 jobs by 2045.

**Skill Levels and Retraining:**
- The new renewable energy jobs will require diverse skill sets, from technical expertise in installation and maintenance to engineering and scientific roles. Retraining programs would need to focus on upskilling Fossil fuel workers in technical skills related to renewable energy, as well as providing vocational training in installation and maintenance roles.
- **Geographic Distribution:** Rural areas, where many fossil fuel jobs are concentrated, may experience job losses initially. However, decentralized renewable sources like off-grid solar and small-scale hydropower can create local jobs in these areas. Suggests public-private partnerships to enhance retraining programs and regional job fairs.

---

#### **2. Economic Implications**

**Energy Costs:**
- As renewable energy technologies become more efficient and economies of scale are achieved, the cost of electricity for households and businesses could drop by 30-50% by 2045.
- **GDP Growth:** Enhanced energy security and reduced reliance on imported fossil fuels could boost GDP growth by 1-2 percentage points annually.
- **Foreign Investment/Funding:** Significant foreign investment in renewable infrastructure is anticipated, potentially bringing in $50 billion USD over two decades. Domestic funding through green bonds and public-private partnerships will also play a crucial role.

**Trade Balances and National Security:**
- Reducing fossil fuel imports could improve Veridia's trade balance by $5 billion annually, stabilizing the national currency and enhancing national energy security.
- **Energy Exports:** If Veridia develops surplus renewable capacity, it could become an energy exporter, potentially earning additional revenue through regional energy integration.

---

#### **3. Energy Access and Affability**

**Decentralized Systems:**
- Off-grid solar and mini-grids could provide electricity to 3 million households, significantly reducing energy poverty by reaching rural and underserved communities.
- **Inequalities:** With thoughtful implementation, decentralized systems could alleviate inequalities, ensuring that both urban and rural areas benefit from increased access to clean energy.

---

#### **4. Social Dimensions**

**Community Displacement:**
- Large-scale hydropower projects might displace around 50,000 people annually. Comprehensive resettlement programs and community involvement in project planning can mitigate these impacts.
- **Gender Roles:** The renewable energy sector could employ around 40% women by 2045, particularly in manufacturing and installation roles, potentially shifting traditional gender norms and creating new economic opportunities for women.
- **Public Health:** Reduced air pollution from coal and diesel could save hundreds of thousands of lives annually due to lower incidences of respiratory diseases and other health impacts.

---

#### **5. Environmental Justice**

**Exposure to Hazards:**
- Transitioning from mining and fossil fuel operations to renewable energy can lead to a reduction in hazardous waste and environmental degradation.
- **Involvement of Marginalized Groups:** Inclusive decision-making processes, involving indigenous communities and marginalized groups, can ensure that the benefits of renewable energy are equitably distributed and that environmental justice is maintained.

---

#### **6. Infrastructure Challenges**

**Grid Upgrades and Storage:**
- Extensive grid upgrades, costing around $20 billion, will be necessary to accommodate renewable energy integration. Battery storage deployment will also be crucial, aiming for at least 10 GW of storage capacity by 2045.
- **Land Use Conflicts:** Addressing land use conflicts, especially in rural areas, will require transparent negotiations and compensation mechanisms for impacted communities.

---

### **Coherent Narrative and Sociocioeconomics Landscape by 2045**

By 2045, Veridia could emerge as a regional green energy leader. The socioeconomic landscape would be significantly reshaped:

1. **Employment:** New jobs in renewable energy would outpace job losses in fossil fuel industries, leading to a net positive employment impact.
2. **Economy:** Boosted GDP growth, stabilized currency, and reduced dependence on imported fossil fuels would enhance economic resilience.
3. **Energy Access:** Decreased energy poverty, particularly in rural areas, with decentralized renewable systems bridging electrification gaps.
4. **Public Health and Social Cohesion:** Improved public health outcomes and new economic opportunities for women and marginalized communities would strengthen social cohesion.
5. **Environmental Justice:** Equitable distribution of benefits and reduced environmental hazards would promote social justice.
6. **Infrastructure:** Enhanced grid infrastructure and battery storage deployment would support the reliable integration of renewable energy sources.

**Risks:**
- Over-reliance on a single renewable source, such as hydropower, posing vulnerabilities to droughts.
- Economic dependence on foreign investment, necessitating robust domestic capacity-building.

**Benefits:**
- Positioning Veridia as a regional green energy leader, potentially attracting high-value investments and technology transfers.
- Enhanced energy security and resilience, contributing to long-term sustainable development.

---

Veridia’s transition to renewable energy could thus result in a multifaceted socioeconomic transformation, enhancing employment opportunities, economic stability, energy access, and public health while promoting environmental justice and social cohesion. Careful planning and inclusive implementation will be key to mitigating potential risks and maximizing the benefits of this transition.",stop,
2025-03-27T20:31:29.457641,deepseek/deepseek-chat-v3-0324:free,"
I’d like you to provide an in-depth analysis of the potential socioeconomic impacts of widespread adoption of renewable energy sources, such as solar, wind, and hydropower, in a mid-sized developing country over the next two decades. Please consider the following aspects in your response: First, evaluate how the shift from fossil fuels to renewables might affect employment, including the types of jobs created (e.g., manufacturing of solar panels, wind turbine installation, hydropower plant maintenance) and those potentially lost (e.g., coal mining, oil extraction, and fossil fuel power plant operations). Assess the skill levels required for these new roles, the potential for retraining programs to transition workers from declining industries, and the geographic distribution of job gains versus losses, particularly in rural versus urban areas. Second, analyze the economic implications, such as changes in energy costs for households and businesses, impacts on GDP growth, and the role of foreign investment or domestic funding in scaling renewable infrastructure. Consider how reduced reliance on imported fossil fuels might affect trade balances, currency stability, and national energy security, as well as the potential for energy export opportunities if surplus renewable capacity is developed. Third, explore the effects on energy access and affordability, especially for underserved populations, including how decentralized renewable systems (e.g., off-grid solar) could bridge gaps in electrification and reduce energy poverty, and whether this might exacerbate or alleviate existing inequalities in urban slums versus remote villages. Fourth, examine the social dimensions, such as community displacement due to large-scale projects like hydropower dams, shifts in gender roles if women gain employment in renewable sectors, and public health improvements from reduced air pollution previously caused by coal or diesel generators. Fifth, consider the environmental justice perspective, evaluating how the transition might address or worsen disparities in exposure to environmental hazards (e.g., mining waste versus cleaner energy zones) and the involvement of indigenous or marginalized groups in decision-making processes for renewable projects. Sixth, assess the infrastructure challenges, including the need for grid upgrades, battery storage deployment, and land use conflicts, and how these might strain government budgets or require public-private partnerships. Finally, integrate these factors into a cohesive narrative, projecting how they could reshape the country’s socioeconomic landscape by 2045, including potential risks like economic dependence on a single renewable type (e.g., hydropower vulnerability to drought) or benefits like positioning the country as a regional green energy leader. Use a hypothetical mid-sized developing country (e.g., population 20-50 million, mixed urban-rural economy, moderate fossil fuel reliance) as a case study, and support your analysis with plausible quantitative estimates (e.g., job creation numbers, cost reductions) and qualitative insights (e.g., social cohesion effects), drawing on global trends and real-world examples where applicable, such as Kenya’s geothermal success or Vietnam’s solar expansion, while adapting them to the developing country context.

",1.1483910829992965,25.36392187498859,582,1342,"### **Socioeconomic Impacts of Widespread Renewable Energy Adoption in a Mid-Sized Developing Country (2025–2045)**  
**Hypothetical Case Study: ""Greenlandia""**  
*(Population: 30 million, GDP per capita: ~$3,500, current fossil fuel reliance: 60% of energy mix, moderate urbanization, abundant solar/wind/hydro potential)*  

---

### **1. Employment Shifts: Job Creation vs. Displacement**  
**Job Gains:**  
- **Manufacturing & Installation:** Solar panel assembly (5,000–10,000 jobs), wind turbine production (3,000–5,000), and small-scale hydropower component manufacturing (2,000–4,000).  
- **Construction & Maintenance:** Wind/solar farm installation (~8,000 jobs), grid modernization (~4,000), and hydropower plant upkeep (~3,000).  
- **Decentralized Energy:** Off-grid solar technicians (6,000–12,000, especially in rural areas).  

**Job Losses:**  
- **Fossil Fuel Sector:** Coal mining (~4,000 jobs lost), oil/gas extraction (~2,500), and thermal power plant operations (~3,000).  

**Skill Transitions & Retraining:**  
- Fossil fuel workers (e.g., miners) could transition to mining-critical minerals for batteries or solar farm maintenance with vocational programs (estimated cost: $500–$1,000 per worker).  
- Geographic disparities: Urban areas gain high-skilled R&D jobs, while rural regions see manual labor in installation/maintenance.  

**Net Impact:**  
- **+15,000 to +25,000 net jobs by 2040**, but with regional inequalities (e.g., coal-dependent towns may struggle without targeted policies).  

---

### **2. Economic Implications**  
**Energy Costs & GDP:**  
- **Households:** Solar/wind LCOE could fall below $0.05/kWh by 2035 (vs. $0.12/kWh for diesel), saving low-income families ~10% of energy expenses.  
- **Businesses:** Industrial electricity costs drop 20–30%, boosting competitiveness (e.g., agro-processing, textiles).  
- **GDP Growth:** Renewables could add 1–1.5% annually by 2030 via energy savings, FDI, and export revenues.  

**Trade & Energy Security:**  
- Reduced fossil fuel imports (saving ~$1.2B/year by 2035) improve trade balance.  
- **Export Potential:** Surplus hydropower sold to neighbors (e.g., Laos’ model) could earn $200–$500M/year.  

**Investment:**  
- Foreign capital (e.g., Chinese solar firms, World Bank loans) may fund 40–60% of projects, but local banks must scale green bonds to avoid dependency.  

---

### **3. Energy Access & Equity**  
**Electrification:**  
- Off-grid solar/mini-grids could reach 90% electrification by 2040 (vs. 70% today), cutting rural energy poverty by 50%.  
- **Urban Slums:** Pay-as-you-go solar leases (like Kenya’s M-KOPA) may reduce inequality, but grid-tied subsidies risk excluding informal settlements.  

**Affordability:**  
- Tiered tariffs (cross-subsidizing poor households) or direct solar vouchers could ensure equity.  

---

### **4. Social & Health Dimensions**  
**Community Displacement:**  
- Large hydropower dams may displace ~5,000–10,000 people (similar to Vietnam’s controversies); compensation must include land rights and revenue-sharing.  

**Gender Equity:**  
- Women could fill 30–40% of new renewable jobs (e.g., solar tech training in India’s *Suryamitra* program), shifting traditional roles.  

**Public Health:**  
- Replacing coal/diesel may prevent ~2,000 annual premature deaths from air pollution (modeled on Philippines’ coal phaseout).  

---

### **5. Environmental Justice**  
**Hazard Exposure:**  
- Solar/wind reduce mining waste vs. coal, but lithium mining for batteries could harm indigenous lands (require Free, Prior, and Informed Consent).  

**Marginalized Groups:**  
- Participatory planning (e.g., Mexico’s community wind farms) can prevent conflicts over land use.  

---

### **6. Infrastructure Challenges**  
**Grid Modernization:**  
- $2–4B needed for smart grids and storage to handle variable renewables (30% grid penetration by 2030).  

**Land Use:**  
- Solar farms may compete with agriculture (mitigated via agrivoltaics, as in Japan).  

**Financing:**  
- Public-private partnerships (e.g., Morocco’s Noor Ouarzazate CSP plant) can share risks.  

---

### **Cohesive Projection for 2045**  
**Opportunities:**  
- **Regional Leadership:** Exporting surplus hydropower/solar to neighbors could position Greenlandia as a clean energy hub.  
- **Inclusive Growth:** Rural electrification + urban industrial savings may reduce poverty by 15–20%.  

**Risks:**  
- **Overdependence on Hydropower:** Droughts (like Brazil’s 2021 crisis) could cause blackouts without diversification.  
- **Job Polarization:** Urban-rural divides may widen without reskilling investments.  

**Policy Recommendations:**  
1. **Just Transition Fund:** Redirect fossil fuel subsidies to retraining and local renewable manufacturing.  
2. **Decentralized Energy Incentives:** Tax breaks for mini-grids in underserved areas.  
3. **Environmental Safeguards:** Strict regulations on mining and community consent for large projects.  

**Final Outlook:**  
By 2045, Greenlandia could achieve 80% renewable energy, 5% higher GDP growth, and 50% lower energy poverty—but only with equitable policies and adaptive infrastructure.  

---  
**Real-World Parallels:**  
- **Vietnam’s Solar Boom** (18 GW installed in 2 years) shows rapid scaling potential.  
- **Kenya’s Geothermal** (47% of grid power) demonstrates energy security gains.  
- **Chile’s Lithium Governance** offers lessons in balancing extraction with indigenous rights.  

This transition is transformative but requires holistic planning to maximize benefits and mitigate disparities.",stop,
2025-03-27T20:31:43.583815,meta-llama/llama-3.2-3b-instruct:free,"
I’d like you to provide an in-depth analysis of the potential socioeconomic impacts of widespread adoption of renewable energy sources, such as solar, wind, and hydropower, in a mid-sized developing country over the next two decades. Please consider the following aspects in your response: First, evaluate how the shift from fossil fuels to renewables might affect employment, including the types of jobs created (e.g., manufacturing of solar panels, wind turbine installation, hydropower plant maintenance) and those potentially lost (e.g., coal mining, oil extraction, and fossil fuel power plant operations). Assess the skill levels required for these new roles, the potential for retraining programs to transition workers from declining industries, and the geographic distribution of job gains versus losses, particularly in rural versus urban areas. Second, analyze the economic implications, such as changes in energy costs for households and businesses, impacts on GDP growth, and the role of foreign investment or domestic funding in scaling renewable infrastructure. Consider how reduced reliance on imported fossil fuels might affect trade balances, currency stability, and national energy security, as well as the potential for energy export opportunities if surplus renewable capacity is developed. Third, explore the effects on energy access and affordability, especially for underserved populations, including how decentralized renewable systems (e.g., off-grid solar) could bridge gaps in electrification and reduce energy poverty, and whether this might exacerbate or alleviate existing inequalities in urban slums versus remote villages. Fourth, examine the social dimensions, such as community displacement due to large-scale projects like hydropower dams, shifts in gender roles if women gain employment in renewable sectors, and public health improvements from reduced air pollution previously caused by coal or diesel generators. Fifth, consider the environmental justice perspective, evaluating how the transition might address or worsen disparities in exposure to environmental hazards (e.g., mining waste versus cleaner energy zones) and the involvement of indigenous or marginalized groups in decision-making processes for renewable projects. Sixth, assess the infrastructure challenges, including the need for grid upgrades, battery storage deployment, and land use conflicts, and how these might strain government budgets or require public-private partnerships. Finally, integrate these factors into a cohesive narrative, projecting how they could reshape the country’s socioeconomic landscape by 2045, including potential risks like economic dependence on a single renewable type (e.g., hydropower vulnerability to drought) or benefits like positioning the country as a regional green energy leader. Use a hypothetical mid-sized developing country (e.g., population 20-50 million, mixed urban-rural economy, moderate fossil fuel reliance) as a case study, and support your analysis with plausible quantitative estimates (e.g., job creation numbers, cost reductions) and qualitative insights (e.g., social cohesion effects), drawing on global trends and real-world examples where applicable, such as Kenya’s geothermal success or Vietnam’s solar expansion, while adapting them to the developing country context.

",1.0991699580044951,4.1154880830144975,863,1207,"**Socioeconomic Impacts of Widespread Adoption of Renewable Energy Sources**

**Introduction**

The adoption of renewable energy sources, such as solar, wind, and hydropower, is expected to transform the socioeconomic landscape of a mid-sized developing country over the next two decades. This analysis examines the potential impacts of this transition on employment, energy costs, economic growth, energy access and affordability, social dimensions, environmental justice, infrastructure challenges, and the country's overall development trajectory.

**Employment Impacts**

The shift from fossil fuels to renewables is likely to create new job opportunities in:

1. **Solar panel manufacturing**: Estimated 10,000 jobs created by 2045, with an average salary of $3,000 per year.
2. **Wind turbine installation**: Estimated 8,000 jobs created by 2045, with an average salary of $4,000 per year.
3. **Hydropower plant maintenance**: Estimated 5,000 jobs created by 2045, with an average salary of $4,500 per year.
4. **Renewable energy engineering**: Estimated 15,000 jobs created by 2045, with an average salary of $5,500 per year.

However, some jobs may be lost in the fossil fuel sector, including:

1. **Coal mining**: Estimated 5,000 jobs lost by 2045, with a significant impact on rural communities.
2. **Oil extraction**: Estimated 3,000 jobs lost by 2045, with a significant impact on coastal communities.
3. **Fossil fuel power plant operations**: Estimated 10,000 jobs lost by 2045, with a significant impact on urban areas.

**Economic Impacts**

The transition to renewables is expected to:

1. **Reduce energy costs**: Estimated 20% reduction in energy costs for households and businesses by 2045.
2. **Boost GDP growth**: Estimated 2% increase in GDP growth rate by 2045, driven by increased investment in renewable energy infrastructure.
3. **Increase foreign investment**: Estimated $5 billion in foreign investment in renewable energy projects by 2045, driven by government incentives and tax credits.
4. **Improve trade balances**: Estimated 10% reduction in trade deficit by 2045, driven by reduced reliance on imported fossil fuels.

**Energy Access and Affordability**

The transition to renewables is expected to:

1. **Increase energy access**: Estimated 80% increase in energy access for rural communities by 2045, driven by decentralized renewable systems.
2. **Reduce energy poverty**: Estimated 30% reduction in energy poverty by 2045, driven by increased access to affordable energy.
3. **Exacerbate existing inequalities**: Potential exacerbation of existing inequalities in urban slums versus remote villages, where access to energy and economic opportunities may be limited.

**Social Dimensions**

The transition to renewables is expected to:

1. **Displace communities**: Potential displacement of communities due to large-scale projects like hydropower dams, with significant social and economic impacts.
2. **Shift gender roles**: Potential shift in gender roles, with increased employment opportunities for women in renewable energy sectors.
3. **Improve public health**: Estimated 20% reduction in air pollution-related health problems by 2045, driven by reduced reliance on fossil fuels.

**Environmental Justice**

The transition to renewables is expected to:

1. **Address environmental disparities**: Potential reduction in environmental disparities, with increased involvement of indigenous and marginalized groups in decision-making processes for renewable projects.
2. **Worsen existing inequalities**: Potential exacerbation of existing environmental inequalities, with increased exposure to environmental hazards in mining waste zones.

**Infrastructure Challenges**

The transition to renewables is expected to:

1. **Strain government budgets**: Estimated 10% increase in government expenditure on grid upgrades, battery storage, and land use conflicts by 2045.
2. **Require public-private partnerships**: Estimated 20% increase in public-private partnerships for renewable energy projects by 2045, driven by infrastructure challenges and government funding constraints.

**Conclusion**

The widespread adoption of renewable energy sources in a mid-sized developing country over the next two decades is expected to have significant socioeconomic impacts. While the transition is likely to create new job opportunities and reduce energy costs, it also poses challenges related to employment, energy access and affordability, social dimensions, environmental justice, and infrastructure challenges. To mitigate these risks and maximize the benefits, governments and private sector stakeholders must work together to develop a comprehensive strategy for the transition to renewables, including retraining programs, infrastructure investments, and community engagement.

**Projections**

By 2045, the country is expected to:

1. **Position itself as a regional green energy leader**: Estimated 20% increase in regional energy exports, driven by increased investment in renewable energy infrastructure.
2. **Reduce its dependence on fossil fuels**: Estimated 30% reduction in fossil fuel imports by 2045, driven by increased reliance on domestic renewable energy production.
3. **Improve its energy security**: Estimated 20% increase in energy security, driven by reduced reliance on imported fossil fuels and increased domestic renewable energy production.

**Risks and Opportunities**

The transition to renewables also poses risks, including:

1. **Economic dependence on a single renewable type**: Potential vulnerability to drought or other weather-related events affecting hydropower production.
2. **Inequitable distribution of benefits**: Potential exacerbation of existing inequalities in energy access and economic opportunities.

However, the transition also presents opportunities for:

1. **Increased energy independence**: Potential for increased domestic energy production, driven by increased investment in renewable energy infrastructure.
2. **Improved public health**: Potential for significant reductions in air pollution-related health problems, driven by reduced reliance on fossil fuels.

By carefully managing the transition to renewables and addressing the associated risks and challenges, the country can position itself for long-term economic growth, improved energy security, and enhanced public health and well-being.",stop,
2025-03-27T20:32:14.260655,google/learnlm-1.5-pro-experimental:free,"
I’d like you to provide an in-depth analysis of the potential socioeconomic impacts of widespread adoption of renewable energy sources, such as solar, wind, and hydropower, in a mid-sized developing country over the next two decades. Please consider the following aspects in your response: First, evaluate how the shift from fossil fuels to renewables might affect employment, including the types of jobs created (e.g., manufacturing of solar panels, wind turbine installation, hydropower plant maintenance) and those potentially lost (e.g., coal mining, oil extraction, and fossil fuel power plant operations). Assess the skill levels required for these new roles, the potential for retraining programs to transition workers from declining industries, and the geographic distribution of job gains versus losses, particularly in rural versus urban areas. Second, analyze the economic implications, such as changes in energy costs for households and businesses, impacts on GDP growth, and the role of foreign investment or domestic funding in scaling renewable infrastructure. Consider how reduced reliance on imported fossil fuels might affect trade balances, currency stability, and national energy security, as well as the potential for energy export opportunities if surplus renewable capacity is developed. Third, explore the effects on energy access and affordability, especially for underserved populations, including how decentralized renewable systems (e.g., off-grid solar) could bridge gaps in electrification and reduce energy poverty, and whether this might exacerbate or alleviate existing inequalities in urban slums versus remote villages. Fourth, examine the social dimensions, such as community displacement due to large-scale projects like hydropower dams, shifts in gender roles if women gain employment in renewable sectors, and public health improvements from reduced air pollution previously caused by coal or diesel generators. Fifth, consider the environmental justice perspective, evaluating how the transition might address or worsen disparities in exposure to environmental hazards (e.g., mining waste versus cleaner energy zones) and the involvement of indigenous or marginalized groups in decision-making processes for renewable projects. Sixth, assess the infrastructure challenges, including the need for grid upgrades, battery storage deployment, and land use conflicts, and how these might strain government budgets or require public-private partnerships. Finally, integrate these factors into a cohesive narrative, projecting how they could reshape the country’s socioeconomic landscape by 2045, including potential risks like economic dependence on a single renewable type (e.g., hydropower vulnerability to drought) or benefits like positioning the country as a regional green energy leader. Use a hypothetical mid-sized developing country (e.g., population 20-50 million, mixed urban-rural economy, moderate fossil fuel reliance) as a case study, and support your analysis with plausible quantitative estimates (e.g., job creation numbers, cost reductions) and qualitative insights (e.g., social cohesion effects), drawing on global trends and real-world examples where applicable, such as Kenya’s geothermal success or Vietnam’s solar expansion, while adapting them to the developing country context.

",0.8951175000111107,20.666701542009832,593,1007,"## Socioeconomic Impacts of Renewable Energy Transition in ""Solaria"": A Case Study

**Solaria**, a hypothetical developing country with a population of 30 million, a mixed urban-rural economy, and moderate reliance on imported fossil fuels, embarks on an ambitious transition to renewable energy over the next two decades. This analysis explores the potential socioeconomic impacts of this shift by 2045.

**1. Employment and Skills:**

The transition will create new jobs in manufacturing solar panels, installing wind turbines, maintaining hydropower plants, and developing smart grids.  Conservatively, assuming 10% of Solaria's electricity comes from renewables by 2045, this could lead to **200,000-300,000 direct and indirect jobs** based on global averages of job creation per unit of renewable energy capacity (IRENA data). Job losses in coal mining and fossil fuel power plants are likely to be smaller (estimated 50,000-100,000) due to Solaria's moderate fossil fuel dependence.

New jobs will require varying skill levels, from technicians to engineers. Retraining programs, funded by carbon tax revenues or international partnerships, will be crucial to transition workers from declining industries. Geographically, job gains will be distributed across rural (hydropower, wind) and urban areas (solar manufacturing, grid management), potentially mitigating rural-urban migration.  However, specific coal-dependent regions will face significant job losses, requiring targeted economic diversification strategies.

**2. Economic Implications:**

Renewable energy deployment will reduce Solaria's reliance on imported fossil fuels, improving its trade balance by an estimated **5-10% of GDP**, strengthening its currency, and enhancing energy security. Lower energy costs for households and businesses could boost disposable income and stimulate economic growth, adding **1-2% to annual GDP growth**. Foreign investment, attracted by Solaria's green commitment and potentially facilitated by feed-in tariffs, will be vital to finance the infrastructure buildout.  Surplus renewable capacity could generate export revenue through cross-border electricity trade, following examples like Laos exporting hydropower to Thailand.

**3. Energy Access and Affordability:**

Decentralized renewable systems, particularly off-grid solar, will play a crucial role in extending electricity access to underserved rural populations. Achieving universal electrification by 2045, mimicking successes like Bangladesh's solar home system program, could lift **5-10 million people** out of energy poverty. Pay-as-you-go solar solutions can enhance affordability, but targeted subsidies might be needed for the poorest households.  While universal access would significantly reduce urban-rural disparities, inequalities within urban slums might persist unless targeted electrification programs are implemented.

**4. Social Dimensions:**

Large-scale hydropower projects could displace communities, necessitating comprehensive resettlement and compensation plans, drawing lessons from past experiences in countries like Brazil. Increased female participation in renewable energy sectors, inspired by initiatives like Solar Sister in Africa, can empower women economically and socially. Reduced reliance on fossil fuels will improve air quality, leading to significant public health benefits, particularly in densely populated urban areas, potentially reducing respiratory illnesses by **10-15%** based on WHO estimates.

**5. Environmental Justice:**

The transition will shift environmental burdens from fossil fuel-related pollution in densely populated areas to potential land use conflicts associated with renewable energy projects. Ensuring equitable distribution of benefits and minimizing negative impacts on indigenous and marginalized communities through participatory decision-making processes will be crucial.  Establishing cleaner energy zones and remediating abandoned mine sites can address past environmental injustices.

**6. Infrastructure Challenges:**

Grid modernization, including transmission upgrades and smart grid technologies, will be essential to integrate variable renewable sources. Large-scale battery storage deployment will be needed to manage intermittency and ensure grid stability. Addressing land use conflicts related to large-scale solar and wind farms will require careful planning and community engagement. Public-private partnerships can leverage private sector expertise and capital to finance this infrastructure development.


**Solaria in 2045:**

By 2045, Solaria could emerge as a regional leader in green energy, with a diversified renewable energy portfolio and enhanced energy security. The transition will contribute to economic growth, job creation, improved public health, and expanded energy access. However, risks remain, including dependence on specific renewable resources like hydropower (vulnerable to drought), potential social disruptions from large-scale projects, and the need for significant infrastructure investment.  Success will depend on strong government leadership, effective policy frameworks, robust institutions, and active stakeholder engagement. Learning from the experiences of other developing countries pursuing renewable energy transitions, such as Kenya's geothermal success or Vietnam's rapid solar expansion, while adapting them to Solaria's specific context, will be paramount in navigating these challenges and realizing the full socioeconomic benefits of a clean energy future. 
",stop,
